<?xml version="1.0" encoding="UTF-8"?>

<beans xmlns="http://www.springframework.org/schema/beans"
 xmlns:xsi="http://www.w3.org/2001/XMLSchema-instance"
 xmlns:context="http://www.springframework.org/schema/context"
 xmlns:p="http:www.springframework.org/schema/p"
 xmlns:c="http:www.springframework.org/schema/c"
 xsi:schemaLocation="http://www.springframework.org/schema/beans
 http://www.springframework.org/schema/beans/spring-beans.xsd
 http://www.springframework.org/schema/context
 http://www.springframework.org/schema/context/spring-context.xsd">
 
<!--  	this is our metadata for Student bean -->
	 <bean class="com.springcore.collection.Employee" name="emp1">
	 	<property name="name" value="Sahil Sartaj"/>
	 	
	 	<property name="phones">
	 		<list>
	 			<value>9732468561</value>
	 			<value>9742468562</value>
	 			<value>8101864141</value>
	 			<value>8101864142</value>
	 			<value>null</value>
	 		</list>
	 	</property>
	 	
	 	<property name="address">
	 		<set>
	 			<value>Kolkata</value>
	 			<value>Saltlake</value>
	 			<value>NewTown</value>
	 			<value>Karunamoyee</value>
	 		</set>
	 	</property>
	 	
	 	<property name="courses">
	 		<map>
	 			<entry key="101" value="spring" />
	 			<entry key="102" value="spring-boot" />
	 			<entry key="103" value="hibernate" />
	 			<entry key="104" value="spring-MVC" />
	 		</map>
	 	</property>
	 	
	 </bean>
 
 </beans>