<?xml version="1.0" encoding="UTF-8"?>

<beans xmlns="http://www.springframework.org/schema/beans"
	xmlns:xsi="http://www.w3.org/2001/XMLSchema-instance"
	xmlns:context="http://www.springframework.org/schema/context"
	xmlns:p="http:www.springframework.org/schema/p"
	xmlns:c="http:www.springframework.org/schema/c"
	xsi:schemaLocation="http://www.springframework.org/schema/beans
 http://www.springframework.org/schema/beans/spring-beans.xsd
 http://www.springframework.org/schema/context
 http://www.springframework.org/schema/context/spring-context.xsd">

	<!-- to enable all the annotation -->
	<context:annotation-config />

	<!-- this is our metadata for bean -->
	<bean class="com.springcore.lifecycle.Samosa" name="s1"
		init-method="init" destroy-method="destroy">
		<property name="price" value="10" />
	</bean>

	<!-- this is interface life-cycle bean -->
	<bean class="com.springcore.lifecycle.PepsiUsingInterface"
		name="p1">
		<property name="price" value="25" />
	</bean>
	
	<!-- 	this is annotation life-cycle bean -->
	<bean class="com.springcore.lifecycle.Example" name="example">
		<property name="subject" value="Mathematics"/>
	</bean>


</beans>