<?xml version="1.0" encoding="UTF-8"?>

	<beans xmlns="http://www.springframework.org/schema/beans"
	 xmlns:xsi="http://www.w3.org/2001/XMLSchema-instance"
	 xmlns:context="http://www.springframework.org/schema/context"
	 xmlns:p="http://www.springframework.org/schema/p"
	 xmlns:c="http://www.springframework.org/schema/c"
	 xmlns:util="http://www.springframework.org/schema/util"
	 xsi:schemaLocation="http://www.springframework.org/schema/beans
	 http://www.springframework.org/schema/beans/spring-beans.xsd
	 http://www.springframework.org/schema/context
	 http://www.springframework.org/schema/context/spring-context.xsd
	 http://www.springframework.org/schema/util 
	 http://www.springframework.org/schema/util/spring-util.xsd">
	 
<!-- 	 standalone collection code -->
	<util:list list-class="java.util.LinkedList" id="mylist">
		<value>Aman</value>
		<value>Raman</value>
		<value>Amar</value>
		<value>Amir</value>
		
	</util:list>
	
<!-- 	standalone properties -->
	<util:properties id="myprop">
		<prop key="driver"> com.mysql.jdbc.Driver</prop>
		<prop key="username"> sssartaj</prop>
		<prop key="password"> 12345</prop>
		<prop key="url">mysql:jdbc://localhost:3306/database</prop>
	</util:properties>
	 
<!-- 	 metadata of the bean -->

	<bean class="com.springcore.standalone.collection.Person" name="person1">
		<property name="friends" ref="mylist"/>
		<property name="properties" ref="myprop"/>
	</bean>
	 
	 
 </beans>